"cluster","sample","group","sample_id","n_cells"
"0","GSE203115_1","ypN0","ypN05",430
"0","GSE203115_2","ypN+","ypN.7",404
"0","GSE203115_3","ypN0","ypN06",638
"0","HRR1430835","ypN+","ypN.2",2998
"0","HRR1430840","ypN0","ypN01",242
"0","HRR1430849","ypN0","ypN03",1564
"0","HRR1430852","ypN0","ypN02",2870
"0","HRR1430853","ypN+","ypN.4",1132
"0","HRR1430854","ypN+","ypN.1",1101
"0","HRR1430856","ypN+","ypN.5",1087
"0","HRR1430859","ypN0","ypN04",1133
"0","HRR1430863","ypN+","ypN.3",1225
"0","HRR1430865","ypN+","ypN.6",1304
"0","HRS849526","ypN0","ypN09",7
"0","HRS849531","ypN0","ypN010",3
"0","HRS849542","ypN+","ypN.8",3
"0","HRS849550","ypN0","ypN015",6
"1","GSE203115_1","ypN0","ypN05",157
"1","GSE203115_2","ypN+","ypN.7",112
"1","GSE203115_3","ypN0","ypN06",288
"1","HRR1430835","ypN+","ypN.2",1421
"1","HRR1430840","ypN0","ypN01",234
"1","HRR1430849","ypN0","ypN03",929
"1","HRR1430852","ypN0","ypN02",1603
"1","HRR1430853","ypN+","ypN.4",920
"1","HRR1430854","ypN+","ypN.1",765
"1","HRR1430856","ypN+","ypN.5",727
"1","HRR1430859","ypN0","ypN04",836
"1","HRR1430863","ypN+","ypN.3",955
"1","HRR1430865","ypN+","ypN.6",675
"1","HRS849523","ypN0","ypN08",27
"1","HRS849526","ypN0","ypN09",198
"1","HRS849531","ypN0","ypN010",16
"1","HRS849542","ypN+","ypN.8",155
"1","HRS849550","ypN0","ypN015",8
"10","GSE203115_1","ypN0","ypN05",18
"10","GSE203115_2","ypN+","ypN.7",17
"10","GSE203115_3","ypN0","ypN06",34
"10","HRR1430835","ypN+","ypN.2",209
"10","HRR1430840","ypN0","ypN01",37
"10","HRR1430849","ypN0","ypN03",47
"10","HRR1430852","ypN0","ypN02",192
"10","HRR1430853","ypN+","ypN.4",126
"10","HRR1430854","ypN+","ypN.1",95
"10","HRR1430856","ypN+","ypN.5",420
"10","HRR1430859","ypN0","ypN04",32
"10","HRR1430863","ypN+","ypN.3",614
"10","HRR1430865","ypN+","ypN.6",285
"11","GSE203115_1","ypN0","ypN05",41
"11","GSE203115_2","ypN+","ypN.7",135
"11","GSE203115_3","ypN0","ypN06",22
"11","HRR1430835","ypN+","ypN.2",231
"11","HRR1430840","ypN0","ypN01",23
"11","HRR1430849","ypN0","ypN03",102
"11","HRR1430852","ypN0","ypN02",113
"11","HRR1430853","ypN+","ypN.4",57
"11","HRR1430854","ypN+","ypN.1",280
"11","HRR1430856","ypN+","ypN.5",153
"11","HRR1430859","ypN0","ypN04",23
"11","HRR1430863","ypN+","ypN.3",198
"11","HRR1430865","ypN+","ypN.6",283
"11","HRS849523","ypN0","ypN08",127
"11","HRS849526","ypN0","ypN09",11
"11","HRS849531","ypN0","ypN010",213
"11","HRS849542","ypN+","ypN.8",14
"11","HRS849550","ypN0","ypN015",19
"12","GSE203115_1","ypN0","ypN05",107
"12","GSE203115_2","ypN+","ypN.7",46
"12","GSE203115_3","ypN0","ypN06",9
"12","HRR1430835","ypN+","ypN.2",3
"12","HRR1430840","ypN0","ypN01",11
"12","HRR1430849","ypN0","ypN03",68
"12","HRR1430852","ypN0","ypN02",26
"12","HRR1430853","ypN+","ypN.4",81
"12","HRR1430854","ypN+","ypN.1",48
"12","HRR1430856","ypN+","ypN.5",78
"12","HRR1430859","ypN0","ypN04",101
"12","HRR1430863","ypN+","ypN.3",16
"12","HRR1430865","ypN+","ypN.6",82
"12","HRS849523","ypN0","ypN08",95
"12","HRS849526","ypN0","ypN09",139
"12","HRS849531","ypN0","ypN010",260
"12","HRS849542","ypN+","ypN.8",100
"12","HRS849550","ypN0","ypN015",140
"13","GSE203115_1","ypN0","ypN05",5
"13","GSE203115_2","ypN+","ypN.7",13
"13","GSE203115_3","ypN0","ypN06",33
"13","HRR1430835","ypN+","ypN.2",129
"13","HRR1430840","ypN0","ypN01",29
"13","HRR1430849","ypN0","ypN03",87
"13","HRR1430852","ypN0","ypN02",224
"13","HRR1430853","ypN+","ypN.4",82
"13","HRR1430854","ypN+","ypN.1",75
"13","HRR1430856","ypN+","ypN.5",83
"13","HRR1430859","ypN0","ypN04",54
"13","HRR1430863","ypN+","ypN.3",86
"13","HRR1430865","ypN+","ypN.6",70
"13","HRS849523","ypN0","ypN08",53
"13","HRS849526","ypN0","ypN09",33
"13","HRS849531","ypN0","ypN010",158
"13","HRS849542","ypN+","ypN.8",22
"13","HRS849550","ypN0","ypN015",132
"14","GSE203115_1","ypN0","ypN05",40
"14","GSE203115_2","ypN+","ypN.7",14
"14","GSE203115_3","ypN0","ypN06",36
"14","HRR1430835","ypN+","ypN.2",7
"14","HRR1430849","ypN0","ypN03",112
"14","HRR1430852","ypN0","ypN02",30
"14","HRR1430853","ypN+","ypN.4",15
"14","HRR1430854","ypN+","ypN.1",160
"14","HRR1430856","ypN+","ypN.5",59
"14","HRR1430859","ypN0","ypN04",233
"14","HRR1430863","ypN+","ypN.3",2
"14","HRR1430865","ypN+","ypN.6",12
"14","HRS849523","ypN0","ypN08",15
"14","HRS849526","ypN0","ypN09",423
"14","HRS849531","ypN0","ypN010",37
"14","HRS849542","ypN+","ypN.8",31
"14","HRS849550","ypN0","ypN015",52
"15","GSE203115_1","ypN0","ypN05",49
"15","GSE203115_2","ypN+","ypN.7",9
"15","GSE203115_3","ypN0","ypN06",51
"15","HRR1430835","ypN+","ypN.2",56
"15","HRR1430840","ypN0","ypN01",14
"15","HRR1430849","ypN0","ypN03",22
"15","HRR1430852","ypN0","ypN02",13
"15","HRR1430853","ypN+","ypN.4",19
"15","HRR1430854","ypN+","ypN.1",30
"15","HRR1430856","ypN+","ypN.5",107
"15","HRR1430859","ypN0","ypN04",101
"15","HRR1430863","ypN+","ypN.3",18
"15","HRR1430865","ypN+","ypN.6",147
"15","HRS849523","ypN0","ypN08",41
"15","HRS849526","ypN0","ypN09",3
"15","HRS849531","ypN0","ypN010",15
"15","HRS849542","ypN+","ypN.8",13
"15","HRS849550","ypN0","ypN015",31
"16","GSE203115_1","ypN0","ypN05",8
"16","GSE203115_2","ypN+","ypN.7",2
"16","GSE203115_3","ypN0","ypN06",37
"16","HRR1430849","ypN0","ypN03",2
"16","HRR1430854","ypN+","ypN.1",7
"16","HRR1430859","ypN0","ypN04",13
"16","HRR1430865","ypN+","ypN.6",2
"16","HRS849523","ypN0","ypN08",45
"16","HRS849526","ypN0","ypN09",79
"16","HRS849531","ypN0","ypN010",59
"16","HRS849542","ypN+","ypN.8",38
"16","HRS849550","ypN0","ypN015",309
"17","GSE203115_1","ypN0","ypN05",1
"17","GSE203115_2","ypN+","ypN.7",4
"17","GSE203115_3","ypN0","ypN06",4
"17","HRR1430835","ypN+","ypN.2",44
"17","HRR1430840","ypN0","ypN01",82
"17","HRR1430849","ypN0","ypN03",72
"17","HRR1430852","ypN0","ypN02",92
"17","HRR1430853","ypN+","ypN.4",48
"17","HRR1430854","ypN+","ypN.1",6
"17","HRR1430856","ypN+","ypN.5",122
"17","HRR1430859","ypN0","ypN04",18
"17","HRR1430863","ypN+","ypN.3",3
"17","HRR1430865","ypN+","ypN.6",5
"17","HRS849523","ypN0","ypN08",9
"17","HRS849526","ypN0","ypN09",1
"17","HRS849531","ypN0","ypN010",3
"17","HRS849542","ypN+","ypN.8",3
"18","GSE203115_1","ypN0","ypN05",4
"18","GSE203115_3","ypN0","ypN06",1
"18","HRR1430835","ypN+","ypN.2",64
"18","HRR1430840","ypN0","ypN01",35
"18","HRR1430849","ypN0","ypN03",258
"18","HRR1430852","ypN0","ypN02",1
"18","HRR1430853","ypN+","ypN.4",10
"18","HRR1430854","ypN+","ypN.1",11
"18","HRR1430856","ypN+","ypN.5",10
"18","HRR1430859","ypN0","ypN04",81
"18","HRR1430863","ypN+","ypN.3",39
"18","HRR1430865","ypN+","ypN.6",1
"18","HRS849526","ypN0","ypN09",1
"19","GSE203115_1","ypN0","ypN05",11
"19","GSE203115_3","ypN0","ypN06",25
"19","HRR1430835","ypN+","ypN.2",65
"19","HRR1430840","ypN0","ypN01",21
"19","HRR1430849","ypN0","ypN03",48
"19","HRR1430852","ypN0","ypN02",61
"19","HRR1430853","ypN+","ypN.4",48
"19","HRR1430854","ypN+","ypN.1",35
"19","HRR1430856","ypN+","ypN.5",32
"19","HRR1430859","ypN0","ypN04",38
"19","HRR1430863","ypN+","ypN.3",47
"19","HRR1430865","ypN+","ypN.6",23
"19","HRS849523","ypN0","ypN08",1
"19","HRS849531","ypN0","ypN010",1
"19","HRS849542","ypN+","ypN.8",6
"19","HRS849550","ypN0","ypN015",4
"2","GSE203115_1","ypN0","ypN05",110
"2","GSE203115_2","ypN+","ypN.7",26
"2","GSE203115_3","ypN0","ypN06",64
"2","HRR1430835","ypN+","ypN.2",344
"2","HRR1430840","ypN0","ypN01",403
"2","HRR1430849","ypN0","ypN03",1515
"2","HRR1430852","ypN0","ypN02",1903
"2","HRR1430853","ypN+","ypN.4",1882
"2","HRR1430854","ypN+","ypN.1",266
"2","HRR1430856","ypN+","ypN.5",672
"2","HRR1430859","ypN0","ypN04",709
"2","HRR1430863","ypN+","ypN.3",297
"2","HRR1430865","ypN+","ypN.6",225
"2","HRS849523","ypN0","ypN08",51
"2","HRS849526","ypN0","ypN09",76
"2","HRS849531","ypN0","ypN010",84
"2","HRS849542","ypN+","ypN.8",161
"2","HRS849550","ypN0","ypN015",20
"20","GSE203115_1","ypN0","ypN05",8
"20","GSE203115_2","ypN+","ypN.7",13
"20","GSE203115_3","ypN0","ypN06",1
"20","HRR1430835","ypN+","ypN.2",17
"20","HRR1430840","ypN0","ypN01",4
"20","HRR1430849","ypN0","ypN03",8
"20","HRR1430852","ypN0","ypN02",29
"20","HRR1430853","ypN+","ypN.4",15
"20","HRR1430854","ypN+","ypN.1",29
"20","HRR1430856","ypN+","ypN.5",69
"20","HRR1430859","ypN0","ypN04",7
"20","HRR1430863","ypN+","ypN.3",3
"20","HRR1430865","ypN+","ypN.6",6
"20","HRS849523","ypN0","ypN08",11
"20","HRS849526","ypN0","ypN09",10
"20","HRS849531","ypN0","ypN010",16
"20","HRS849542","ypN+","ypN.8",11
"20","HRS849550","ypN0","ypN015",7
"21","GSE203115_1","ypN0","ypN05",8
"21","GSE203115_2","ypN+","ypN.7",9
"21","GSE203115_3","ypN0","ypN06",10
"21","HRR1430835","ypN+","ypN.2",11
"21","HRR1430849","ypN0","ypN03",7
"21","HRR1430852","ypN0","ypN02",4
"21","HRR1430853","ypN+","ypN.4",4
"21","HRR1430854","ypN+","ypN.1",10
"21","HRR1430856","ypN+","ypN.5",9
"21","HRR1430859","ypN0","ypN04",1
"21","HRR1430863","ypN+","ypN.3",9
"21","HRR1430865","ypN+","ypN.6",3
"21","HRS849523","ypN0","ypN08",23
"21","HRS849526","ypN0","ypN09",3
"21","HRS849531","ypN0","ypN010",124
"21","HRS849542","ypN+","ypN.8",1
"22","HRS849523","ypN0","ypN08",9
"22","HRS849526","ypN0","ypN09",131
"22","HRS849531","ypN0","ypN010",1
"22","HRS849542","ypN+","ypN.8",22
"22","HRS849550","ypN0","ypN015",17
"3","GSE203115_1","ypN0","ypN05",143
"3","GSE203115_2","ypN+","ypN.7",73
"3","GSE203115_3","ypN0","ypN06",194
"3","HRR1430835","ypN+","ypN.2",1057
"3","HRR1430840","ypN0","ypN01",179
"3","HRR1430849","ypN0","ypN03",719
"3","HRR1430852","ypN0","ypN02",1164
"3","HRR1430853","ypN+","ypN.4",611
"3","HRR1430854","ypN+","ypN.1",552
"3","HRR1430856","ypN+","ypN.5",636
"3","HRR1430859","ypN0","ypN04",563
"3","HRR1430863","ypN+","ypN.3",701
"3","HRR1430865","ypN+","ypN.6",479
"3","HRS849526","ypN0","ypN09",139
"3","HRS849531","ypN0","ypN010",5
"3","HRS849542","ypN+","ypN.8",104
"3","HRS849550","ypN0","ypN015",5
"4","GSE203115_1","ypN0","ypN05",130
"4","GSE203115_2","ypN+","ypN.7",114
"4","GSE203115_3","ypN0","ypN06",225
"4","HRR1430835","ypN+","ypN.2",922
"4","HRR1430840","ypN0","ypN01",107
"4","HRR1430849","ypN0","ypN03",522
"4","HRR1430852","ypN0","ypN02",986
"4","HRR1430853","ypN+","ypN.4",529
"4","HRR1430854","ypN+","ypN.1",359
"4","HRR1430856","ypN+","ypN.5",432
"4","HRR1430859","ypN0","ypN04",431
"4","HRR1430863","ypN+","ypN.3",490
"4","HRR1430865","ypN+","ypN.6",476
"4","HRS849523","ypN0","ypN08",6
"4","HRS849526","ypN0","ypN09",144
"4","HRS849531","ypN0","ypN010",3
"4","HRS849542","ypN+","ypN.8",91
"4","HRS849550","ypN0","ypN015",3
"5","GSE203115_1","ypN0","ypN05",146
"5","GSE203115_2","ypN+","ypN.7",305
"5","GSE203115_3","ypN0","ypN06",43
"5","HRR1430835","ypN+","ypN.2",17
"5","HRR1430840","ypN0","ypN01",37
"5","HRR1430849","ypN0","ypN03",128
"5","HRR1430852","ypN0","ypN02",19
"5","HRR1430853","ypN+","ypN.4",184
"5","HRR1430854","ypN+","ypN.1",94
"5","HRR1430856","ypN+","ypN.5",245
"5","HRR1430859","ypN0","ypN04",491
"5","HRR1430863","ypN+","ypN.3",52
"5","HRR1430865","ypN+","ypN.6",568
"5","HRS849523","ypN0","ypN08",871
"5","HRS849526","ypN0","ypN09",612
"5","HRS849531","ypN0","ypN010",362
"5","HRS849542","ypN+","ypN.8",393
"5","HRS849550","ypN0","ypN015",387
"6","GSE203115_1","ypN0","ypN05",107
"6","GSE203115_2","ypN+","ypN.7",111
"6","GSE203115_3","ypN0","ypN06",23
"6","HRR1430835","ypN+","ypN.2",17
"6","HRR1430840","ypN0","ypN01",49
"6","HRR1430849","ypN0","ypN03",144
"6","HRR1430852","ypN0","ypN02",19
"6","HRR1430853","ypN+","ypN.4",67
"6","HRR1430854","ypN+","ypN.1",91
"6","HRR1430856","ypN+","ypN.5",339
"6","HRR1430859","ypN0","ypN04",639
"6","HRR1430863","ypN+","ypN.3",70
"6","HRR1430865","ypN+","ypN.6",1216
"6","HRS849523","ypN0","ypN08",157
"6","HRS849526","ypN0","ypN09",221
"6","HRS849531","ypN0","ypN010",357
"6","HRS849542","ypN+","ypN.8",229
"6","HRS849550","ypN0","ypN015",420
"7","GSE203115_1","ypN0","ypN05",85
"7","GSE203115_2","ypN+","ypN.7",91
"7","GSE203115_3","ypN0","ypN06",143
"7","HRR1430835","ypN+","ypN.2",613
"7","HRR1430840","ypN0","ypN01",81
"7","HRR1430849","ypN0","ypN03",291
"7","HRR1430852","ypN0","ypN02",530
"7","HRR1430853","ypN+","ypN.4",257
"7","HRR1430854","ypN+","ypN.1",221
"7","HRR1430856","ypN+","ypN.5",467
"7","HRR1430859","ypN0","ypN04",165
"7","HRR1430863","ypN+","ypN.3",620
"7","HRR1430865","ypN+","ypN.6",459
"7","HRS849523","ypN0","ypN08",22
"7","HRS849526","ypN0","ypN09",35
"7","HRS849531","ypN0","ypN010",8
"7","HRS849542","ypN+","ypN.8",51
"7","HRS849550","ypN0","ypN015",1
"8","GSE203115_1","ypN0","ypN05",70
"8","GSE203115_2","ypN+","ypN.7",24
"8","GSE203115_3","ypN0","ypN06",53
"8","HRR1430835","ypN+","ypN.2",499
"8","HRR1430840","ypN0","ypN01",133
"8","HRR1430849","ypN0","ypN03",550
"8","HRR1430852","ypN0","ypN02",167
"8","HRR1430853","ypN+","ypN.4",143
"8","HRR1430854","ypN+","ypN.1",143
"8","HRR1430856","ypN+","ypN.5",248
"8","HRR1430859","ypN0","ypN04",309
"8","HRR1430863","ypN+","ypN.3",288
"8","HRR1430865","ypN+","ypN.6",149
"8","HRS849523","ypN0","ypN08",7
"8","HRS849526","ypN0","ypN09",99
"8","HRS849531","ypN0","ypN010",3
"8","HRS849542","ypN+","ypN.8",88
"8","HRS849550","ypN0","ypN015",3
"9","GSE203115_1","ypN0","ypN05",44
"9","GSE203115_2","ypN+","ypN.7",52
"9","GSE203115_3","ypN0","ypN06",84
"9","HRR1430835","ypN+","ypN.2",350
"9","HRR1430840","ypN0","ypN01",34
"9","HRR1430849","ypN0","ypN03",186
"9","HRR1430852","ypN0","ypN02",351
"9","HRR1430853","ypN+","ypN.4",180
"9","HRR1430854","ypN+","ypN.1",129
"9","HRR1430856","ypN+","ypN.5",154
"9","HRR1430859","ypN0","ypN04",150
"9","HRR1430863","ypN+","ypN.3",221
"9","HRR1430865","ypN+","ypN.6",193
"9","HRS849526","ypN0","ypN09",18
"9","HRS849542","ypN+","ypN.8",1
"9","HRS849550","ypN0","ypN015",2
